{"cameraMode":{"drawMode":0,"name":"Shaded","section":"Shading Mode"},"sceneLighting":false,"audioPlay":false,"sceneViewState":{"showFog":true,"showMaterialUpdate":false,"showSkybox":true,"showFlares":true,"showImageEffects":true,"showParticleSystems":true},"in2DMode":false,"pivot":{"x":0.93455970287323,"y":0.35697662830352785,"z":4.019962787628174},"rotation":{"x":0.11664626002311707,"y":-0.16163131594657899,"z":0.019243432208895685,"w":0.9797452092170715},"size":4.729866981506348,"orthographic":false}